pair,compounds,products,prod_uniq_smiles,src_hERG_avg,prod_hERG_avg,delta_hERG,prod_hERG_high_n,prod_AMES_avg,prod_ClinTox_avg
附子+甘草,1477,6839,6081,0.524,0.447,-0.077,3221,0.255,0.154
麻黄+桂枝,730,2226,2039,0.39,0.37,-0.02,668,0.244,0.098
知母+石膏,229,1054,793,0.428,0.366,-0.062,386,0.276,0.072
大黄+芒硝,388,1711,1431,0.332,0.277,-0.055,200,0.399,0.141
甘草+海藻,1086,4902,4224,0.505,0.405,-0.1,2025,0.276,0.115
人参+藜芦,1287,6181,4606,0.487,0.437,-0.05,2960,0.29,0.072
丁香+郁金,1084,2816,2621,0.369,0.351,-0.018,676,0.266,0.09
甘草+甘遂,1251,5660,4851,0.523,0.425,-0.098,2495,0.28,0.117
半夏+乌头,846,3183,3019,0.43,0.464,0.034,1512,0.229,0.196
甘草+大戟,1056,4752,4073,0.506,0.403,-0.103,1943,0.28,0.118
