复方,传统关系,药味数,成分数,毒性分子,产物数,hERG,AMES,ClinTox
附子+甘草,相畏/减毒,2,1477,102,6839,0.524,0.295,0.162
麻黄+桂枝,相须,2,730,0,2226,0.39,0.215,0.086
知母+石膏,相须,1,229,0,1054,0.428,0.296,0.08
大黄+芒硝,相使,1,388,0,1711,0.332,0.438,0.149
甘草+海藻,十八反,2,1086,0,4902,0.505,0.319,0.124
人参+藜芦,十八反,2,1287,17,6181,0.487,0.254,0.081
丁香+郁金,十九畏,2,1084,2,2816,0.369,0.226,0.068
甘草+甘遂,十八反,2,1251,28,5660,0.523,0.328,0.124
半夏+乌头,十八反,2,846,72,3183,0.43,0.228,0.172
甘草+大戟,十八反,2,1056,0,4752,0.506,0.326,0.127
四逆汤,温里剂（3 味）,3,2514,103,9666,0.485,0.261,0.137
四君子汤,补益剂（4 味）,4,2761,2,12119,0.477,0.279,0.096
理中丸,温中剂（4 味）,4,3234,2,13032,0.464,0.267,0.092
麻黄汤,解表剂（4 味）,4,2056,1,7803,0.448,0.273,0.107
桂枝汤,解表剂（5 味）,5,3182,2,12794,0.435,0.262,0.102
大承气汤,泻下剂（4 味）,3,1115,0,3642,0.334,0.298,0.097
六味地黄丸,补益剂（6 味）,6,1651,5,8388,0.324,0.216,0.077
小柴胡汤,和解剂（7 味）,7,4360,2,17951,0.447,0.264,0.093
